<?xml version="1.0" encoding="UTF-8"?>
<manifest xmlns="http://aue.chn.hp.com/schema/eos/v1"
	xmlns:xsi="http://www.w3.org/2001/XMLSchema-instance"
	xsi:schemaLocation="http://aue.chn.hp.com/schema/eos/v1 http://eos.dev.hpeos.com/schema/manifest.xsd">
	<mobilityapp category="system" id="Bootstrap" version="3.0.0">
		<name>@{app.name}</name>
		<description>@{app.description}</description>
		<vendor>@{app.vendor}</vendor>

		<dependency>
			<libraries>
				<library id="framework" />
			</libraries>
		</dependency>

		<security login="optional" roles="*" />

		<skins>
			<skin smallestWidth="320" skin="default" />
			<skin smallestWidth="480" skin="sw480dp" />
			<skin smallestWidth="640" skin="sw640dp" />
			<skin smallestWidth="1080" skin="sw1080dp" />
			<skin smallestWidth="320" retina="true" os="ios"
				skin="iphone-xhdpi-sw320dp" />
		</skins>
		
		<pages index="index">
			<page>index.xml</page>
		</pages>
	</mobilityapp>
</manifest>
